WorkOrderID,AssetID,AssetType,BuildingID,WOType,Status,Priority,CreatedDate,DueDate,ResponseTimeHours,RepairTimeHours,CompletedDate,DowntimeHours,Cost,TechnicianID,VendorID,Overdue
WO-0001,AST-074,Lighting,BLD-01,CM,Closed,Medium,2026-02-26,2026-03-12,5.3,8.8,2026-02-26,8.8,49591.0,TECH-05,VEN-06,False
WO-0002,AST-010,Lighting,BLD-03,CM,Closed,Medium,2025-04-21,2025-05-05,6.8,23.5,2025-04-22,23.5,52223.0,TECH-04,VEN-07,False
WO-0003,AST-045,AHU,BLD-03,CM,Closed,Medium,2025-09-10,2025-09-24,3.3,25.5,2025-09-11,25.5,17261.0,TECH-04,VEN-13,False
WO-0004,AST-064,AHU,BLD-04,PM,Closed,Low,2025-03-13,2025-04-12,6.3,2.7,2025-03-13,0.0,3782.0,TECH-09,VEN-13,False
WO-0005,AST-027,Pump,BLD-05,CM,Closed,Medium,2026-07-04,2026-07-18,11.3,11.0,2026-07-04,11.0,11344.0,TECH-05,VEN-06,False
WO-0006,AST-032,UPS,BLD-02,CM,Open,Medium,2025-09-29,2025-10-13,2.3,5.8,,5.8,28901.0,TECH-06,VEN-14,True
WO-0007,AST-084,Chiller,BLD-03,CM,Closed,Medium,2025-10-13,2025-10-27,7.9,11.3,2025-10-13,11.3,19010.0,TECH-07,VEN-01,False
WO-0008,AST-020,AHU,BLD-02,PM,Closed,Medium,2026-07-06,2026-08-05,4.5,5.1,2026-07-06,0.0,6291.0,TECH-04,VEN-12,False
WO-0009,AST-076,AHU,BLD-02,PM,Closed,Medium,2025-12-05,2026-01-04,4.8,9.1,2025-12-05,0.0,7012.0,TECH-05,VEN-17,False
WO-0010,AST-028,AHU,BLD-04,PM,Closed,Medium,2026-02-23,2026-03-25,7.4,1.1,2026-02-23,0.0,3422.0,TECH-03,VEN-07,False
WO-0011,AST-053,Lighting,BLD-01,PM,Closed,Medium,2026-01-24,2026-02-23,8.1,2.0,2026-01-24,0.0,5501.0,TECH-05,VEN-13,False
WO-0012,AST-006,Fire Pump,BLD-04,PM,Closed,Medium,2025-01-01,2025-01-31,3.9,3.7,2025-01-01,0.0,4294.0,TECH-10,VEN-20,False
WO-0013,AST-047,Fire Pump,BLD-01,CM,Closed,Medium,2026-04-22,2026-05-06,6.7,9.7,2026-04-22,9.7,16754.0,TECH-08,VEN-06,False
WO-0014,AST-006,Fire Pump,BLD-04,CM,Closed,Medium,2025-10-18,2025-11-01,4.1,10.5,2025-10-18,10.5,39059.0,TECH-02,VEN-08,False
WO-0015,AST-001,Generator,BLD-04,CM,Closed,Medium,2025-08-19,2025-09-02,3.2,16.9,2025-08-19,16.9,6343.0,TECH-04,VEN-16,False
WO-0016,AST-025,Generator,BLD-01,CM,Closed,Medium,2025-03-16,2025-03-30,6.5,9.9,2025-03-16,9.9,36662.0,TECH-07,VEN-16,False
WO-0017,AST-063,Generator,BLD-03,PM,Closed,Medium,2025-06-01,2025-07-01,2.2,3.0,2025-06-01,0.0,7302.0,TECH-02,VEN-14,False
WO-0018,AST-092,Generator,BLD-03,PM,Closed,Medium,2026-06-15,2026-07-15,4.9,3.7,2026-06-15,0.0,3120.0,TECH-02,VEN-15,False
WO-0019,AST-019,Chiller,BLD-04,PM,Closed,Medium,2026-04-21,2026-05-21,10.1,2.8,2026-04-21,0.0,5370.0,TECH-08,VEN-20,False
WO-0020,AST-071,Generator,BLD-03,CM,Closed,Medium,2026-06-01,2026-06-15,5.1,34.3,2026-06-02,34.3,29525.0,TECH-03,VEN-16,False
WO-0021,AST-014,Generator,BLD-04,PM,Closed,Low,2025-09-11,2025-10-11,3.0,1.3,2025-09-11,0.0,6478.0,TECH-09,VEN-16,False
WO-0022,AST-093,Generator,BLD-04,CM,Closed,Medium,2025-10-09,2025-10-23,2.4,7.0,2025-10-09,7.0,20715.0,TECH-05,VEN-11,False
WO-0023,AST-082,Pump,BLD-01,PM,Open,Medium,2026-07-08,2026-08-07,23.1,1.2,,0.0,3003.0,TECH-03,VEN-07,False
WO-0024,AST-064,AHU,BLD-04,PM,Closed,Low,2026-02-22,2026-03-24,2.3,1.0,2026-02-22,0.0,4203.0,TECH-04,VEN-14,False
WO-0025,AST-059,UPS,BLD-03,PM,Closed,Medium,2025-01-21,2025-02-20,10.3,4.0,2025-01-21,0.0,3972.0,TECH-01,VEN-12,False
WO-0026,AST-097,Chiller,BLD-04,PM,Closed,Low,2026-02-04,2026-03-06,12.8,4.1,2026-02-04,0.0,4998.0,TECH-09,VEN-20,False
WO-0027,AST-083,Fire Pump,BLD-03,Emergency,In Progress,High,2026-05-15,2026-05-18,3.2,25.3,,25.3,28971.0,TECH-01,VEN-13,True
WO-0028,AST-086,Chiller,BLD-01,PM,Closed,Low,2026-02-19,2026-03-21,8.4,2.5,2026-02-19,0.0,7477.0,TECH-10,VEN-18,False
WO-0029,AST-018,UPS,BLD-01,PM,Closed,Medium,2026-02-08,2026-03-10,2.7,4.2,2026-02-08,0.0,1676.0,TECH-07,VEN-05,False
WO-0030,AST-090,Generator,BLD-01,Emergency,Open,High,2025-07-06,2025-07-09,0.6,14.2,,14.2,25851.0,TECH-04,VEN-15,True
WO-0031,AST-036,Pump,BLD-03,PM,Closed,Low,2026-01-24,2026-02-23,3.4,4.8,2026-01-24,0.0,3140.0,TECH-02,VEN-16,False
WO-0032,AST-013,Pump,BLD-04,PM,Open,Low,2026-07-07,2026-08-06,6.2,4.0,,0.0,2957.0,TECH-02,VEN-02,False
WO-0033,AST-012,AHU,BLD-01,CM,Closed,Medium,2026-06-07,2026-06-21,2.6,13.0,2026-06-07,13.0,13381.0,TECH-03,VEN-16,False
WO-0034,AST-093,Generator,BLD-04,CM,Closed,Low,2025-08-12,2025-08-26,4.0,16.8,2025-08-12,16.8,47179.0,TECH-03,VEN-20,False
WO-0035,AST-038,Generator,BLD-01,CM,Closed,Medium,2025-04-28,2025-05-12,3.3,22.5,2025-04-29,22.5,58060.0,TECH-02,VEN-19,False
WO-0036,AST-093,Generator,BLD-04,PM,Closed,Low,2025-11-16,2025-12-16,2.1,5.0,2025-11-16,0.0,4078.0,TECH-04,VEN-03,False
WO-0037,AST-002,Lighting,BLD-05,CM,In Progress,Low,2025-09-06,2025-09-20,6.7,15.7,,15.7,51766.0,TECH-10,VEN-04,True
WO-0038,AST-096,Pump,BLD-01,CM,Closed,Low,2025-02-12,2025-02-26,4.6,14.9,2025-02-12,14.9,41384.0,TECH-02,VEN-17,False
WO-0039,AST-066,Generator,BLD-02,CM,Closed,Low,2025-01-13,2025-01-27,2.0,17.1,2025-01-13,17.1,10805.0,TECH-06,VEN-15,False
WO-0040,AST-007,Lighting,BLD-02,CM,In Progress,Medium,2026-03-22,2026-04-05,8.8,11.9,,11.9,58101.0,TECH-05,VEN-20,True
WO-0041,AST-098,Generator,BLD-02,CM,Closed,Low,2026-07-06,2026-07-20,15.8,13.3,2026-07-07,13.3,28957.0,TECH-10,VEN-09,False
WO-0042,AST-061,Fire Pump,BLD-02,PM,Closed,Medium,2025-09-09,2025-10-09,5.7,4.4,2025-09-09,0.0,3313.0,TECH-08,VEN-08,False
WO-0043,AST-072,Pump,BLD-03,CM,Closed,Low,2026-01-24,2026-02-07,2.9,23.6,2026-01-25,23.6,51802.0,TECH-03,VEN-16,False
WO-0044,AST-064,AHU,BLD-04,PM,Closed,Medium,2025-09-22,2025-10-22,5.0,3.1,2025-09-22,0.0,6058.0,TECH-05,VEN-18,False
WO-0045,AST-069,Pump,BLD-01,PM,Open,Medium,2025-07-15,2025-08-14,5.3,3.6,,0.0,4142.0,TECH-09,VEN-08,True
WO-0046,AST-024,Generator,BLD-01,CM,Closed,Medium,2026-05-18,2026-06-01,7.7,9.8,2026-05-18,9.8,10118.0,TECH-04,VEN-13,False
WO-0047,AST-066,Generator,BLD-02,CM,Closed,Low,2025-11-10,2025-11-24,6.7,13.2,2025-11-10,13.2,31029.0,TECH-09,VEN-12,False
WO-0048,AST-006,Fire Pump,BLD-04,PM,Closed,Low,2025-12-05,2026-01-04,6.3,3.5,2025-12-05,0.0,3261.0,TECH-05,VEN-08,False
WO-0049,AST-009,Generator,BLD-05,PM,Closed,Medium,2025-07-17,2025-08-16,4.9,3.9,2025-07-17,0.0,4983.0,TECH-03,VEN-07,False
WO-0050,AST-029,UPS,BLD-05,PM,Closed,Medium,2026-05-11,2026-06-10,4.4,8.3,2026-05-11,0.0,7848.0,TECH-09,VEN-20,False
WO-0051,AST-095,UPS,BLD-03,PM,Closed,Low,2025-04-13,2025-05-13,2.1,5.6,2025-04-13,0.0,2979.0,TECH-03,VEN-10,False
WO-0052,AST-009,Generator,BLD-05,PM,In Progress,Medium,2026-07-01,2026-07-31,3.0,7.5,,0.0,7833.0,TECH-09,VEN-10,False
WO-0053,AST-008,Chiller,BLD-05,CM,Closed,Medium,2025-03-28,2025-04-11,4.2,4.1,2025-03-28,4.1,53000.0,TECH-10,VEN-10,False
WO-0054,AST-024,Generator,BLD-01,PM,Closed,Medium,2026-03-28,2026-04-27,2.1,14.7,2026-03-28,0.0,3141.0,TECH-08,VEN-04,False
WO-0055,AST-054,Fire Pump,BLD-01,CM,Closed,Medium,2026-02-15,2026-03-01,6.5,16.9,2026-02-15,16.9,39620.0,TECH-01,VEN-05,False
WO-0056,AST-079,Pump,BLD-03,PM,Open,Medium,2025-11-08,2025-12-08,5.5,6.0,,0.0,2270.0,TECH-07,VEN-20,True
WO-0057,AST-067,AHU,BLD-02,CM,Closed,Low,2026-02-25,2026-03-11,3.9,4.6,2026-02-25,4.6,54968.0,TECH-05,VEN-19,False
WO-0058,AST-056,Lighting,BLD-02,Emergency,Closed,High,2025-11-09,2025-11-12,0.9,12.1,2025-11-09,12.1,8313.0,TECH-02,VEN-07,False
WO-0059,AST-083,Fire Pump,BLD-03,CM,Closed,Medium,2025-09-28,2025-10-12,3.4,4.8,2025-09-28,4.8,18193.0,TECH-09,VEN-03,False
WO-0060,AST-040,AHU,BLD-03,PM,Closed,Medium,2026-02-23,2026-03-25,10.5,8.1,2026-02-23,0.0,4554.0,TECH-01,VEN-08,False
WO-0061,AST-013,Pump,BLD-04,PM,Closed,Low,2025-10-17,2025-11-16,3.0,2.0,2025-10-17,0.0,1963.0,TECH-04,VEN-09,False
WO-0062,AST-033,Generator,BLD-03,CM,Closed,Medium,2025-07-22,2025-08-05,5.2,30.1,2025-07-23,30.1,17365.0,TECH-03,VEN-09,False
WO-0063,AST-047,Fire Pump,BLD-01,CM,Open,Low,2025-03-15,2025-03-29,2.2,7.0,,7.0,37727.0,TECH-10,VEN-10,True
WO-0064,AST-090,Generator,BLD-01,PM,Closed,Medium,2026-04-25,2026-05-25,3.3,5.6,2026-04-25,0.0,4116.0,TECH-05,VEN-17,False
WO-0065,AST-099,UPS,BLD-04,PM,Open,Medium,2026-03-25,2026-04-24,4.1,4.3,,0.0,7281.0,TECH-06,VEN-20,True
WO-0066,AST-066,Generator,BLD-02,PM,In Progress,Medium,2025-04-04,2025-05-04,12.4,1.5,,0.0,6934.0,TECH-10,VEN-19,True
WO-0067,AST-096,Pump,BLD-01,Emergency,Closed,High,2025-10-03,2025-10-06,15.6,3.7,2025-10-03,3.7,46971.0,TECH-03,VEN-16,False
WO-0068,AST-089,Fire Pump,BLD-04,PM,Closed,Medium,2026-03-29,2026-04-28,2.6,4.9,2026-03-29,0.0,7980.0,TECH-07,VEN-16,False
WO-0069,AST-015,Generator,BLD-03,Emergency,Closed,High,2026-04-27,2026-04-30,1.8,4.3,2026-04-27,4.3,23332.0,TECH-02,VEN-06,False
WO-0070,AST-019,Chiller,BLD-04,PM,Closed,Low,2026-05-23,2026-06-22,26.0,1.1,2026-05-24,0.0,6788.0,TECH-09,VEN-02,False
WO-0071,AST-092,Generator,BLD-03,PM,Closed,Medium,2025-11-19,2025-12-19,2.7,2.2,2025-11-19,0.0,7806.0,TECH-07,VEN-17,False
WO-0072,AST-070,Lighting,BLD-05,CM,Closed,Medium,2025-01-02,2025-01-16,2.1,11.6,2025-01-02,11.6,30409.0,TECH-01,VEN-07,False
WO-0073,AST-013,Pump,BLD-04,PM,Closed,Medium,2026-05-26,2026-06-25,7.5,1.1,2026-05-26,0.0,2823.0,TECH-09,VEN-05,False
WO-0074,AST-016,Generator,BLD-01,Emergency,Closed,High,2026-03-25,2026-03-28,3.5,5.7,2026-03-25,5.7,31659.0,TECH-01,VEN-20,False
WO-0075,AST-004,UPS,BLD-04,CM,Closed,Medium,2025-06-12,2025-06-26,26.3,7.1,2025-06-13,7.1,35374.0,TECH-02,VEN-08,False
WO-0076,AST-092,Generator,BLD-03,Emergency,Closed,High,2025-04-27,2025-04-30,12.3,5.0,2025-04-27,5.0,11461.0,TECH-03,VEN-16,False
WO-0077,AST-094,Pump,BLD-03,Emergency,Closed,High,2025-10-26,2025-10-29,1.7,16.8,2025-10-26,16.8,20038.0,TECH-08,VEN-16,False
WO-0078,AST-040,AHU,BLD-03,PM,Closed,Medium,2025-05-29,2025-06-28,3.4,2.8,2025-05-29,0.0,4804.0,TECH-03,VEN-03,False
WO-0079,AST-019,Chiller,BLD-04,PM,Closed,Medium,2026-03-01,2026-03-31,5.9,7.4,2026-03-01,0.0,3237.0,TECH-01,VEN-10,False
WO-0080,AST-037,AHU,BLD-02,CM,Closed,Low,2026-05-19,2026-06-02,2.5,8.8,2026-05-19,8.8,52589.0,TECH-08,VEN-18,False
WO-0081,AST-097,Chiller,BLD-04,PM,Closed,Medium,2025-12-07,2026-01-06,12.8,4.3,2025-12-07,0.0,3952.0,TECH-06,VEN-07,False
WO-0082,AST-060,Lighting,BLD-05,Emergency,Closed,High,2025-09-02,2025-09-05,8.0,12.7,2025-09-02,12.7,17846.0,TECH-07,VEN-02,False
WO-0083,AST-078,AHU,BLD-03,PM,Closed,Low,2026-04-30,2026-05-30,2.4,2.6,2026-04-30,0.0,4010.0,TECH-03,VEN-16,False
WO-0084,AST-057,UPS,BLD-02,Emergency,Closed,High,2025-05-10,2025-05-13,9.5,6.4,2025-05-10,6.4,37460.0,TECH-02,VEN-15,False
WO-0085,AST-068,Lighting,BLD-05,PM,Open,Medium,2026-04-13,2026-05-13,2.9,6.3,,0.0,4165.0,TECH-03,VEN-03,True
WO-0086,AST-093,Generator,BLD-04,PM,Closed,Medium,2025-09-29,2025-10-29,6.9,1.0,2025-09-29,0.0,4084.0,TECH-02,VEN-11,False
WO-0087,AST-030,UPS,BLD-04,Emergency,Closed,High,2026-07-01,2026-07-04,2.5,11.2,2026-07-01,11.2,22416.0,TECH-08,VEN-18,False
WO-0088,AST-002,Lighting,BLD-05,PM,In Progress,Medium,2025-03-12,2025-04-11,2.6,3.2,,0.0,7486.0,TECH-04,VEN-03,True
WO-0089,AST-082,Pump,BLD-01,PM,Closed,Medium,2025-04-11,2025-05-11,2.7,2.3,2025-04-11,0.0,7172.0,TECH-08,VEN-06,False
WO-0090,AST-075,AHU,BLD-05,CM,Closed,Medium,2026-05-02,2026-05-16,6.5,6.6,2026-05-02,6.6,21135.0,TECH-06,VEN-14,False
WO-0091,AST-066,Generator,BLD-02,PM,Closed,Medium,2026-06-28,2026-07-28,8.9,6.8,2026-06-28,0.0,6651.0,TECH-03,VEN-06,False
WO-0092,AST-095,UPS,BLD-03,PM,Closed,Medium,2026-01-27,2026-02-26,8.5,6.7,2026-01-27,0.0,4735.0,TECH-10,VEN-05,False
WO-0093,AST-074,Lighting,BLD-01,PM,Closed,Medium,2025-09-18,2025-10-18,4.8,5.0,2025-09-18,0.0,1561.0,TECH-08,VEN-10,False
WO-0094,AST-049,UPS,BLD-02,CM,Open,Low,2025-06-11,2025-06-25,9.6,25.0,,25.0,59321.0,TECH-05,VEN-14,True
WO-0095,AST-044,UPS,BLD-01,CM,Closed,Medium,2026-04-13,2026-04-27,8.9,6.7,2026-04-13,6.7,59966.0,TECH-08,VEN-04,False
WO-0096,AST-070,Lighting,BLD-05,PM,Closed,Medium,2026-01-03,2026-02-02,2.8,2.4,2026-01-03,0.0,3419.0,TECH-07,VEN-09,False
WO-0097,AST-051,Pump,BLD-03,PM,Closed,Medium,2025-02-20,2025-03-22,5.4,1.1,2025-02-20,0.0,4729.0,TECH-05,VEN-08,False
WO-0098,AST-080,Generator,BLD-05,CM,In Progress,Medium,2025-12-27,2026-01-10,2.6,7.6,,7.6,39149.0,TECH-03,VEN-04,True
WO-0099,AST-083,Fire Pump,BLD-03,Emergency,Closed,High,2025-02-10,2025-02-13,4.0,15.6,2025-02-10,15.6,29245.0,TECH-10,VEN-12,False
WO-0100,AST-094,Pump,BLD-03,CM,Closed,Low,2025-04-03,2025-04-17,4.9,5.1,2025-04-03,5.1,46111.0,TECH-03,VEN-07,False
WO-0101,AST-014,Generator,BLD-04,PM,Closed,Low,2026-07-07,2026-08-06,6.9,3.4,2026-07-07,0.0,4951.0,TECH-05,VEN-06,False
WO-0102,AST-048,AHU,BLD-03,PM,Closed,Low,2026-05-09,2026-06-08,5.2,5.1,2026-05-09,0.0,6353.0,TECH-06,VEN-04,False
WO-0103,AST-076,AHU,BLD-02,PM,In Progress,Medium,2025-03-19,2025-04-18,2.5,14.9,,0.0,7091.0,TECH-07,VEN-18,True
WO-0104,AST-086,Chiller,BLD-01,PM,Open,Medium,2026-02-09,2026-03-11,6.4,1.1,,0.0,2303.0,TECH-06,VEN-09,True
WO-0105,AST-076,AHU,BLD-02,CM,In Progress,Medium,2026-04-12,2026-04-26,14.8,8.9,,8.9,30931.0,TECH-10,VEN-18,True
WO-0106,AST-045,AHU,BLD-03,PM,Closed,Medium,2025-08-15,2025-09-14,4.4,4.3,2025-08-15,0.0,6855.0,TECH-05,VEN-14,False
WO-0107,AST-058,Lighting,BLD-03,PM,Closed,Low,2025-02-16,2025-03-18,4.4,3.4,2025-02-16,0.0,7974.0,TECH-02,VEN-04,False
WO-0108,AST-059,UPS,BLD-03,PM,In Progress,Low,2026-07-05,2026-08-04,6.4,6.3,,0.0,3912.0,TECH-09,VEN-14,False
WO-0109,AST-048,AHU,BLD-03,CM,Closed,Medium,2026-03-29,2026-04-12,5.0,20.4,2026-03-30,20.4,50853.0,TECH-10,VEN-14,False
WO-0110,AST-036,Pump,BLD-03,Emergency,Open,High,2025-10-14,2025-10-17,1.6,11.9,,11.9,25379.0,TECH-08,VEN-15,True
WO-0111,AST-031,Generator,BLD-05,Emergency,Open,High,2026-01-07,2026-01-10,1.1,2.3,,2.3,42712.0,TECH-09,VEN-12,True
WO-0112,AST-041,AHU,BLD-03,PM,In Progress,Medium,2025-10-10,2025-11-09,2.9,1.9,,0.0,7669.0,TECH-08,VEN-03,True
WO-0113,AST-027,Pump,BLD-05,CM,Open,Low,2025-01-22,2025-02-05,5.3,9.1,,9.1,18396.0,TECH-03,VEN-19,True
WO-0114,AST-049,UPS,BLD-02,PM,Closed,Medium,2025-08-01,2025-08-31,4.4,1.7,2025-08-01,0.0,3636.0,TECH-03,VEN-20,False
WO-0115,AST-078,AHU,BLD-03,PM,Closed,Medium,2025-05-29,2025-06-28,2.5,2.6,2025-05-29,0.0,3129.0,TECH-03,VEN-04,False
WO-0116,AST-010,Lighting,BLD-03,CM,In Progress,Low,2025-01-27,2025-02-10,5.6,18.8,,18.8,48449.0,TECH-04,VEN-19,True
WO-0117,AST-059,UPS,BLD-03,PM,Closed,Medium,2025-06-28,2025-07-28,17.3,6.0,2025-06-28,0.0,6321.0,TECH-09,VEN-04,False
WO-0118,AST-033,Generator,BLD-03,CM,Closed,Low,2026-05-03,2026-05-17,12.5,21.6,2026-05-04,21.6,33228.0,TECH-02,VEN-15,False
WO-0119,AST-045,AHU,BLD-03,PM,Closed,Medium,2025-02-14,2025-03-16,3.7,6.0,2025-02-14,0.0,4889.0,TECH-08,VEN-01,False
WO-0120,AST-083,Fire Pump,BLD-03,PM,Closed,Low,2026-05-06,2026-06-05,9.0,4.9,2026-05-06,0.0,5960.0,TECH-08,VEN-15,False
WO-0121,AST-093,Generator,BLD-04,PM,Closed,Medium,2025-03-24,2025-04-23,4.0,7.0,2025-03-24,0.0,1927.0,TECH-05,VEN-20,False
WO-0122,AST-019,Chiller,BLD-04,CM,Closed,Medium,2025-12-11,2025-12-25,11.8,4.9,2025-12-11,4.9,34181.0,TECH-08,VEN-17,False
WO-0123,AST-075,AHU,BLD-05,CM,In Progress,Medium,2025-03-23,2025-04-06,4.5,8.0,,8.0,40800.0,TECH-09,VEN-07,True
WO-0124,AST-025,Generator,BLD-01,PM,Closed,Low,2025-08-22,2025-09-21,2.7,1.4,2025-08-22,0.0,4092.0,TECH-02,VEN-11,False
WO-0125,AST-045,AHU,BLD-03,PM,Closed,Medium,2025-09-19,2025-10-19,5.6,3.3,2025-09-19,0.0,5964.0,TECH-08,VEN-03,False
WO-0126,AST-046,Lighting,BLD-01,PM,Open,Medium,2025-03-29,2025-04-28,8.9,2.6,,0.0,6340.0,TECH-06,VEN-05,True
WO-0127,AST-087,Fire Pump,BLD-01,CM,Closed,Low,2025-12-04,2025-12-18,7.3,6.1,2025-12-04,6.1,24448.0,TECH-07,VEN-02,False
WO-0128,AST-069,Pump,BLD-01,Emergency,Closed,High,2025-11-16,2025-11-19,1.3,9.2,2025-11-16,9.2,36786.0,TECH-04,VEN-05,False
WO-0129,AST-011,Pump,BLD-04,CM,Closed,Low,2025-08-18,2025-09-01,4.2,35.2,2025-08-19,35.2,51496.0,TECH-06,VEN-04,False
WO-0130,AST-016,Generator,BLD-01,CM,Closed,Medium,2025-08-20,2025-09-03,2.3,4.5,2025-08-20,4.5,58600.0,TECH-10,VEN-20,False
WO-0131,AST-012,AHU,BLD-01,CM,Closed,Medium,2025-12-20,2026-01-03,2.6,8.7,2025-12-20,8.7,19710.0,TECH-03,VEN-09,False
WO-0132,AST-075,AHU,BLD-05,CM,Closed,Medium,2025-05-11,2025-05-25,7.3,4.8,2025-05-11,4.8,52842.0,TECH-10,VEN-13,False
WO-0133,AST-033,Generator,BLD-03,PM,Open,Medium,2025-02-01,2025-03-03,6.3,4.1,,0.0,2898.0,TECH-07,VEN-15,True
WO-0134,AST-011,Pump,BLD-04,PM,Closed,Low,2026-01-14,2026-02-13,5.3,4.3,2026-01-14,0.0,6549.0,TECH-10,VEN-20,False
WO-0135,AST-006,Fire Pump,BLD-04,PM,In Progress,Medium,2025-02-23,2025-03-25,2.3,6.2,,0.0,1823.0,TECH-02,VEN-09,True
WO-0136,AST-048,AHU,BLD-03,PM,Closed,Low,2026-03-11,2026-04-10,4.6,7.0,2026-03-11,0.0,4192.0,TECH-04,VEN-17,False
WO-0137,AST-014,Generator,BLD-04,PM,In Progress,Medium,2026-03-17,2026-04-16,3.2,8.2,,0.0,5910.0,TECH-08,VEN-17,True
WO-0138,AST-001,Generator,BLD-04,CM,In Progress,Medium,2025-02-16,2025-03-02,8.1,11.3,,11.3,8013.0,TECH-04,VEN-10,True
WO-0139,AST-075,AHU,BLD-05,Emergency,Closed,High,2026-04-25,2026-04-28,4.4,4.3,2026-04-25,4.3,23047.0,TECH-01,VEN-16,False
WO-0140,AST-032,UPS,BLD-02,CM,In Progress,Medium,2025-06-29,2025-07-13,2.4,13.7,,13.7,43702.0,TECH-09,VEN-18,True
WO-0141,AST-047,Fire Pump,BLD-01,CM,Open,Medium,2025-12-29,2026-01-12,6.0,25.2,,25.2,7327.0,TECH-01,VEN-15,True
WO-0142,AST-037,AHU,BLD-02,Emergency,Closed,High,2026-05-19,2026-05-22,5.2,10.6,2026-05-19,10.6,27243.0,TECH-07,VEN-10,False
WO-0143,AST-064,AHU,BLD-04,PM,Closed,Medium,2025-01-22,2025-02-21,9.9,1.8,2025-01-22,0.0,6709.0,TECH-10,VEN-15,False
WO-0144,AST-042,Fire Pump,BLD-05,CM,Open,Medium,2026-01-06,2026-01-20,11.0,20.2,,20.2,18382.0,TECH-10,VEN-13,True
WO-0145,AST-088,AHU,BLD-02,PM,Closed,Medium,2026-02-10,2026-03-12,7.0,4.9,2026-02-10,0.0,3707.0,TECH-06,VEN-06,False
WO-0146,AST-021,Generator,BLD-03,PM,Closed,Medium,2025-04-27,2025-05-27,2.9,1.5,2025-04-27,0.0,7388.0,TECH-06,VEN-12,False
WO-0147,AST-091,AHU,BLD-02,CM,In Progress,Medium,2026-04-27,2026-05-11,2.5,21.9,,21.9,13054.0,TECH-04,VEN-06,True
WO-0148,AST-094,Pump,BLD-03,CM,In Progress,Medium,2025-03-19,2025-04-02,15.1,4.8,,4.8,32176.0,TECH-10,VEN-19,True
WO-0149,AST-012,AHU,BLD-01,PM,Closed,Medium,2025-11-27,2025-12-27,2.7,2.6,2025-11-27,0.0,3555.0,TECH-08,VEN-03,False
WO-0150,AST-014,Generator,BLD-04,PM,Closed,Medium,2025-11-07,2025-12-07,9.1,1.0,2025-11-07,0.0,1865.0,TECH-09,VEN-03,False
WO-0151,AST-016,Generator,BLD-01,PM,Open,Low,2026-04-08,2026-05-08,10.3,5.4,,0.0,6906.0,TECH-02,VEN-03,True
WO-0152,AST-009,Generator,BLD-05,CM,Closed,Medium,2026-06-04,2026-06-18,5.2,13.2,2026-06-04,13.2,35487.0,TECH-01,VEN-15,False
WO-0153,AST-002,Lighting,BLD-05,Emergency,Closed,High,2025-07-12,2025-07-15,9.6,15.9,2025-07-13,15.9,31160.0,TECH-03,VEN-02,False
WO-0154,AST-029,UPS,BLD-05,PM,Closed,Medium,2025-12-18,2026-01-17,3.5,2.8,2025-12-18,0.0,4780.0,TECH-03,VEN-02,False
WO-0155,AST-013,Pump,BLD-04,PM,Closed,Medium,2026-03-25,2026-04-24,17.8,2.3,2026-03-25,0.0,4898.0,TECH-03,VEN-12,False
WO-0156,AST-059,UPS,BLD-03,PM,Closed,Low,2025-10-17,2025-11-16,2.6,3.4,2025-10-17,0.0,5913.0,TECH-01,VEN-11,False
WO-0157,AST-024,Generator,BLD-01,PM,Closed,Low,2025-04-07,2025-05-07,2.3,2.9,2025-04-07,0.0,3347.0,TECH-10,VEN-05,False
WO-0158,AST-074,Lighting,BLD-01,PM,Closed,Low,2025-05-25,2025-06-24,5.2,2.0,2025-05-25,0.0,7790.0,TECH-07,VEN-05,False
WO-0159,AST-096,Pump,BLD-01,CM,Closed,Low,2025-03-28,2025-04-11,2.4,5.4,2025-03-28,5.4,40392.0,TECH-06,VEN-05,False
WO-0160,AST-048,AHU,BLD-03,CM,Closed,Medium,2026-05-24,2026-06-07,10.1,6.2,2026-05-24,6.2,10140.0,TECH-07,VEN-17,False
WO-0161,AST-090,Generator,BLD-01,PM,Closed,Medium,2026-01-07,2026-02-06,2.5,3.3,2026-01-07,0.0,3721.0,TECH-08,VEN-07,False
WO-0162,AST-040,AHU,BLD-03,PM,In Progress,Low,2025-05-21,2025-06-20,3.1,1.3,,0.0,6989.0,TECH-02,VEN-17,True
WO-0163,AST-019,Chiller,BLD-04,CM,Closed,Medium,2026-05-29,2026-06-12,5.1,26.3,2026-05-30,26.3,23522.0,TECH-10,VEN-05,False
WO-0164,AST-086,Chiller,BLD-01,CM,Closed,Medium,2025-04-06,2025-04-20,3.1,10.5,2025-04-06,10.5,49497.0,TECH-03,VEN-15,False
WO-0165,AST-080,Generator,BLD-05,PM,Closed,Medium,2026-01-09,2026-02-08,2.8,2.9,2026-01-09,0.0,7802.0,TECH-10,VEN-10,False
WO-0166,AST-018,UPS,BLD-01,CM,In Progress,Medium,2026-04-05,2026-04-19,2.0,15.3,,15.3,22021.0,TECH-08,VEN-07,True
WO-0167,AST-019,Chiller,BLD-04,PM,Closed,Low,2026-03-28,2026-04-27,3.4,1.3,2026-03-28,0.0,6558.0,TECH-09,VEN-17,False
WO-0168,AST-040,AHU,BLD-03,PM,Closed,Medium,2025-06-15,2025-07-15,4.3,1.9,2025-06-15,0.0,2400.0,TECH-05,VEN-02,False
WO-0169,AST-046,Lighting,BLD-01,CM,Closed,Medium,2026-01-16,2026-01-30,11.8,6.6,2026-01-16,6.6,44127.0,TECH-09,VEN-04,False
WO-0170,AST-032,UPS,BLD-02,PM,Closed,Medium,2025-06-14,2025-07-14,8.3,2.7,2025-06-14,0.0,2458.0,TECH-07,VEN-03,False
WO-0171,AST-070,Lighting,BLD-05,Emergency,Closed,High,2025-08-16,2025-08-19,2.5,2.6,2025-08-16,2.6,53655.0,TECH-01,VEN-14,False
WO-0172,AST-041,AHU,BLD-03,PM,Closed,Low,2026-05-30,2026-06-29,2.5,6.9,2026-05-30,0.0,7964.0,TECH-06,VEN-08,False
WO-0173,AST-082,Pump,BLD-01,PM,Closed,Medium,2025-04-12,2025-05-12,5.2,3.2,2025-04-12,0.0,3679.0,TECH-03,VEN-05,False
WO-0174,AST-031,Generator,BLD-05,PM,Closed,Medium,2026-04-29,2026-05-29,2.8,13.1,2026-04-29,0.0,6432.0,TECH-08,VEN-15,False
WO-0175,AST-005,Chiller,BLD-05,CM,Closed,Medium,2026-05-01,2026-05-15,2.6,5.1,2026-05-01,5.1,35184.0,TECH-10,VEN-17,False
WO-0176,AST-063,Generator,BLD-03,PM,In Progress,Medium,2025-10-23,2025-11-22,4.8,8.8,,0.0,1810.0,TECH-07,VEN-20,True
WO-0177,AST-081,Chiller,BLD-01,PM,Closed,Low,2025-04-24,2025-05-24,16.9,2.4,2025-04-24,0.0,5379.0,TECH-01,VEN-17,False
WO-0178,AST-085,Pump,BLD-04,CM,Closed,Medium,2025-05-28,2025-06-11,5.0,5.0,2025-05-28,5.0,38815.0,TECH-04,VEN-19,False
WO-0179,AST-032,UPS,BLD-02,PM,Closed,Low,2025-03-29,2025-04-28,14.8,6.5,2025-03-29,0.0,1940.0,TECH-09,VEN-18,False
WO-0180,AST-043,Pump,BLD-04,PM,Closed,Low,2026-06-04,2026-07-04,13.8,1.4,2026-06-04,0.0,7177.0,TECH-01,VEN-13,False
WO-0181,AST-094,Pump,BLD-03,Emergency,Closed,High,2025-09-17,2025-09-20,1.3,4.2,2025-09-17,4.2,24640.0,TECH-02,VEN-12,False
WO-0182,AST-003,Pump,BLD-02,PM,Closed,Medium,2025-04-17,2025-05-17,6.2,7.4,2025-04-17,0.0,6418.0,TECH-03,VEN-02,False
WO-0183,AST-031,Generator,BLD-05,PM,Closed,Medium,2025-12-13,2026-01-12,2.9,5.7,2025-12-13,0.0,6897.0,TECH-08,VEN-16,False
WO-0184,AST-042,Fire Pump,BLD-05,CM,Open,Low,2025-05-19,2025-06-02,6.5,12.7,,12.7,7034.0,TECH-04,VEN-02,True
WO-0185,AST-053,Lighting,BLD-01,CM,Closed,Low,2025-02-12,2025-02-26,36.4,11.6,2025-02-14,11.6,33346.0,TECH-09,VEN-16,False
WO-0186,AST-091,AHU,BLD-02,PM,Closed,Medium,2025-07-15,2025-08-14,8.2,1.6,2025-07-15,0.0,7128.0,TECH-06,VEN-09,False
WO-0187,AST-056,Lighting,BLD-02,PM,Closed,Low,2026-01-12,2026-02-11,8.8,5.5,2026-01-12,0.0,6332.0,TECH-07,VEN-11,False
WO-0188,AST-039,Fire Pump,BLD-02,Emergency,Closed,High,2026-05-24,2026-05-27,2.5,7.9,2026-05-24,7.9,25204.0,TECH-09,VEN-09,False
WO-0189,AST-044,UPS,BLD-01,CM,Open,Medium,2026-03-11,2026-03-25,7.0,12.7,,12.7,59730.0,TECH-03,VEN-18,True
WO-0190,AST-060,Lighting,BLD-05,PM,Open,Medium,2025-04-16,2025-05-16,3.3,1.4,,0.0,3422.0,TECH-08,VEN-20,True
WO-0191,AST-083,Fire Pump,BLD-03,CM,Closed,Low,2025-06-20,2025-07-04,4.6,18.1,2025-06-20,18.1,29592.0,TECH-06,VEN-20,False
WO-0192,AST-037,AHU,BLD-02,Emergency,Closed,High,2025-05-26,2025-05-29,1.0,4.8,2025-05-26,4.8,9127.0,TECH-07,VEN-12,False
WO-0193,AST-066,Generator,BLD-02,PM,Closed,Medium,2025-06-13,2025-07-13,4.1,4.6,2025-06-13,0.0,7016.0,TECH-08,VEN-02,False
WO-0194,AST-070,Lighting,BLD-05,PM,Closed,Low,2025-08-30,2025-09-29,6.4,2.8,2025-08-30,0.0,3854.0,TECH-10,VEN-02,False
WO-0195,AST-091,AHU,BLD-02,CM,Closed,Low,2026-03-31,2026-04-14,9.4,34.4,2026-04-01,34.4,46970.0,TECH-10,VEN-05,False
WO-0196,AST-056,Lighting,BLD-02,PM,Closed,Low,2026-02-12,2026-03-14,12.1,2.3,2026-02-12,0.0,3122.0,TECH-02,VEN-01,False
WO-0197,AST-044,UPS,BLD-01,CM,Closed,Medium,2026-05-27,2026-06-10,2.7,10.8,2026-05-27,10.8,11477.0,TECH-05,VEN-15,False
WO-0198,AST-049,UPS,BLD-02,PM,Closed,Low,2025-10-20,2025-11-19,2.4,5.0,2025-10-20,0.0,2801.0,TECH-03,VEN-03,False
WO-0199,AST-099,UPS,BLD-04,PM,Closed,Medium,2026-04-01,2026-05-01,5.1,1.5,2026-04-01,0.0,7789.0,TECH-06,VEN-12,False
WO-0200,AST-021,Generator,BLD-03,CM,In Progress,Medium,2026-07-10,2026-07-24,10.1,8.4,,8.4,44150.0,TECH-03,VEN-12,False
WO-0201,AST-038,Generator,BLD-01,PM,Closed,Medium,2025-05-05,2025-06-04,11.4,2.0,2025-05-05,0.0,3039.0,TECH-08,VEN-01,False
WO-0202,AST-087,Fire Pump,BLD-01,PM,Closed,Medium,2026-01-13,2026-02-12,12.1,4.5,2026-01-13,0.0,2344.0,TECH-02,VEN-03,False
WO-0203,AST-090,Generator,BLD-01,PM,Closed,Low,2026-05-06,2026-06-05,2.6,6.0,2026-05-06,0.0,6852.0,TECH-02,VEN-05,False
WO-0204,AST-029,UPS,BLD-05,Emergency,Closed,High,2025-03-17,2025-03-20,4.7,3.6,2025-03-17,3.6,42406.0,TECH-06,VEN-05,False
WO-0205,AST-039,Fire Pump,BLD-02,Emergency,Closed,High,2025-07-06,2025-07-09,7.9,2.6,2025-07-06,2.6,12097.0,TECH-09,VEN-02,False
WO-0206,AST-056,Lighting,BLD-02,CM,In Progress,Medium,2026-06-15,2026-06-29,4.6,20.4,,20.4,13908.0,TECH-04,VEN-12,True
WO-0207,AST-027,Pump,BLD-05,Emergency,Closed,High,2026-06-16,2026-06-19,1.2,3.3,2026-06-16,3.3,51526.0,TECH-05,VEN-07,False
WO-0208,AST-007,Lighting,BLD-02,CM,In Progress,Low,2025-10-09,2025-10-23,4.1,10.6,,10.6,38794.0,TECH-02,VEN-17,True
WO-0209,AST-002,Lighting,BLD-05,CM,In Progress,Medium,2025-06-07,2025-06-21,2.6,12.1,,12.1,44635.0,TECH-10,VEN-11,True
WO-0210,AST-065,Generator,BLD-01,CM,Closed,Medium,2025-02-12,2025-02-26,6.6,11.9,2025-02-12,11.9,9467.0,TECH-10,VEN-09,False
WO-0211,AST-007,Lighting,BLD-02,CM,Closed,Medium,2026-03-03,2026-03-17,4.0,7.1,2026-03-03,7.1,32392.0,TECH-09,VEN-10,False
WO-0212,AST-039,Fire Pump,BLD-02,CM,Closed,Medium,2025-11-06,2025-11-20,3.4,5.4,2025-11-06,5.4,27335.0,TECH-08,VEN-03,False
WO-0213,AST-026,AHU,BLD-03,CM,Closed,Medium,2025-04-14,2025-04-28,2.1,13.6,2025-04-14,13.6,23711.0,TECH-03,VEN-11,False
WO-0214,AST-077,Generator,BLD-03,Emergency,Closed,High,2025-11-23,2025-11-26,0.7,10.3,2025-11-23,10.3,52343.0,TECH-07,VEN-05,False
WO-0215,AST-043,Pump,BLD-04,CM,Closed,Low,2026-06-12,2026-06-26,6.8,36.3,2026-06-13,36.3,18296.0,TECH-02,VEN-09,False
WO-0216,AST-075,AHU,BLD-05,PM,Open,Low,2025-05-25,2025-06-24,2.1,3.1,,0.0,7645.0,TECH-10,VEN-14,True
WO-0217,AST-011,Pump,BLD-04,PM,Closed,Medium,2025-06-13,2025-07-13,2.6,2.0,2025-06-13,0.0,6187.0,TECH-04,VEN-06,False
WO-0218,AST-029,UPS,BLD-05,PM,Closed,Low,2026-06-12,2026-07-12,6.9,5.1,2026-06-12,0.0,4733.0,TECH-02,VEN-13,False
WO-0219,AST-084,Chiller,BLD-03,PM,In Progress,Low,2025-09-04,2025-10-04,9.6,5.5,,0.0,1816.0,TECH-05,VEN-16,True
WO-0220,AST-053,Lighting,BLD-01,CM,Closed,Medium,2026-04-27,2026-05-11,13.4,63.2,2026-04-30,63.2,51594.0,TECH-07,VEN-05,False
WO-0221,AST-011,Pump,BLD-04,Emergency,Closed,High,2026-01-10,2026-01-13,5.2,2.3,2026-01-10,2.3,25127.0,TECH-07,VEN-02,False
WO-0222,AST-027,Pump,BLD-05,CM,Closed,Low,2025-07-19,2025-08-02,4.8,9.6,2025-07-19,9.6,9044.0,TECH-09,VEN-15,False
WO-0223,AST-015,Generator,BLD-03,CM,Closed,Medium,2025-10-14,2025-10-28,5.6,5.5,2025-10-14,5.5,42422.0,TECH-02,VEN-05,False
WO-0224,AST-019,Chiller,BLD-04,Emergency,Closed,High,2025-06-26,2025-06-29,0.7,12.9,2025-06-26,12.9,35681.0,TECH-06,VEN-05,False
WO-0225,AST-060,Lighting,BLD-05,PM,Closed,Medium,2026-06-06,2026-07-06,2.1,11.9,2026-06-06,0.0,1794.0,TECH-03,VEN-11,False
WO-0226,AST-012,AHU,BLD-01,CM,Closed,Medium,2025-10-05,2025-10-19,3.7,11.5,2025-10-05,11.5,12688.0,TECH-10,VEN-11,False
WO-0227,AST-009,Generator,BLD-05,PM,Closed,Medium,2025-11-03,2025-12-03,2.4,2.5,2025-11-03,0.0,6884.0,TECH-09,VEN-16,False
WO-0228,AST-100,AHU,BLD-03,CM,Open,Low,2025-05-27,2025-06-10,6.6,14.0,,14.0,42059.0,TECH-07,VEN-19,True
WO-0229,AST-015,Generator,BLD-03,PM,Closed,Low,2025-01-28,2025-02-27,11.5,2.0,2025-01-28,0.0,7786.0,TECH-10,VEN-19,False
WO-0230,AST-092,Generator,BLD-03,PM,Closed,Medium,2025-02-22,2025-03-24,2.3,6.2,2025-02-22,0.0,4908.0,TECH-10,VEN-13,False
WO-0231,AST-100,AHU,BLD-03,PM,Open,Medium,2025-09-06,2025-10-06,3.3,7.6,,0.0,2214.0,TECH-01,VEN-15,True
WO-0232,AST-068,Lighting,BLD-05,PM,Closed,Medium,2025-06-05,2025-07-05,5.3,1.1,2025-06-05,0.0,4167.0,TECH-10,VEN-16,False
WO-0233,AST-079,Pump,BLD-03,Emergency,Closed,High,2025-03-05,2025-03-08,12.7,7.0,2025-03-05,7.0,33528.0,TECH-09,VEN-11,False
WO-0234,AST-082,Pump,BLD-01,Emergency,Closed,High,2026-05-05,2026-05-08,1.1,7.8,2026-05-05,7.8,22256.0,TECH-03,VEN-15,False
WO-0235,AST-012,AHU,BLD-01,Emergency,Closed,High,2025-06-12,2025-06-15,2.1,6.2,2025-06-12,6.2,52721.0,TECH-05,VEN-20,False
WO-0236,AST-074,Lighting,BLD-01,PM,Closed,Low,2025-09-10,2025-10-10,2.7,1.9,2025-09-10,0.0,2962.0,TECH-05,VEN-10,False
WO-0237,AST-072,Pump,BLD-03,CM,Closed,Low,2026-05-16,2026-05-30,2.3,24.5,2026-05-17,24.5,35827.0,TECH-05,VEN-10,False
WO-0238,AST-034,Lighting,BLD-03,PM,In Progress,Low,2026-07-11,2026-08-10,2.2,1.9,,0.0,7705.0,TECH-03,VEN-10,False
WO-0239,AST-024,Generator,BLD-01,PM,Closed,Low,2025-03-22,2025-04-21,2.7,7.3,2025-03-22,0.0,5764.0,TECH-08,VEN-07,False
WO-0240,AST-081,Chiller,BLD-01,PM,Closed,Medium,2026-07-06,2026-08-05,2.2,6.8,2026-07-06,0.0,6025.0,TECH-03,VEN-04,False
WO-0241,AST-050,Pump,BLD-04,CM,In Progress,Medium,2025-09-03,2025-09-17,3.4,8.3,,8.3,54785.0,TECH-04,VEN-08,True
WO-0242,AST-096,Pump,BLD-01,PM,Closed,Low,2026-02-28,2026-03-30,6.4,2.3,2026-02-28,0.0,2154.0,TECH-03,VEN-01,False
WO-0243,AST-099,UPS,BLD-04,Emergency,Closed,High,2025-06-11,2025-06-14,3.0,2.6,2025-06-11,2.6,56427.0,TECH-08,VEN-16,False
WO-0244,AST-058,Lighting,BLD-03,CM,Closed,Medium,2025-10-22,2025-11-05,4.9,12.5,2025-10-22,12.5,8254.0,TECH-02,VEN-19,False
WO-0245,AST-042,Fire Pump,BLD-05,PM,Closed,Medium,2025-02-08,2025-03-10,2.6,2.5,2025-02-08,0.0,4216.0,TECH-03,VEN-02,False
WO-0246,AST-034,Lighting,BLD-03,Emergency,Closed,High,2026-02-11,2026-02-14,3.1,4.8,2026-02-11,4.8,15247.0,TECH-05,VEN-02,False
WO-0247,AST-011,Pump,BLD-04,PM,Closed,Low,2025-04-20,2025-05-20,5.1,4.7,2025-04-20,0.0,3350.0,TECH-09,VEN-17,False
WO-0248,AST-007,Lighting,BLD-02,PM,Closed,Low,2025-05-18,2025-06-17,2.2,3.6,2025-05-18,0.0,3273.0,TECH-02,VEN-11,False
WO-0249,AST-001,Generator,BLD-04,PM,Closed,Medium,2026-04-15,2026-05-15,2.6,3.1,2026-04-15,0.0,2710.0,TECH-06,VEN-10,False
WO-0250,AST-061,Fire Pump,BLD-02,CM,In Progress,Medium,2025-07-17,2025-07-31,6.0,5.6,,5.6,54337.0,TECH-07,VEN-17,True
WO-0251,AST-087,Fire Pump,BLD-01,PM,Closed,Medium,2026-02-15,2026-03-17,8.3,1.5,2026-02-15,0.0,7881.0,TECH-08,VEN-11,False
WO-0252,AST-094,Pump,BLD-03,Emergency,Closed,High,2025-01-07,2025-01-10,1.1,2.8,2025-01-07,2.8,17954.0,TECH-05,VEN-11,False
WO-0253,AST-040,AHU,BLD-03,PM,Closed,Low,2025-01-12,2025-02-11,2.7,4.6,2025-01-12,0.0,6003.0,TECH-01,VEN-04,False
WO-0254,AST-026,AHU,BLD-03,PM,Closed,Medium,2025-06-13,2025-07-13,2.6,4.5,2025-06-13,0.0,7500.0,TECH-05,VEN-04,False
WO-0255,AST-089,Fire Pump,BLD-04,CM,Closed,Medium,2025-10-30,2025-11-13,2.9,5.8,2025-10-30,5.8,17052.0,TECH-03,VEN-16,False
WO-0256,AST-078,AHU,BLD-03,PM,Closed,Medium,2026-01-18,2026-02-17,2.3,1.6,2026-01-18,0.0,7433.0,TECH-09,VEN-07,False
WO-0257,AST-053,Lighting,BLD-01,CM,Closed,Medium,2025-03-25,2025-04-08,2.1,8.3,2025-03-25,8.3,43707.0,TECH-02,VEN-19,False
WO-0258,AST-053,Lighting,BLD-01,PM,In Progress,Medium,2026-06-02,2026-07-02,13.4,2.7,,0.0,2474.0,TECH-06,VEN-17,True
WO-0259,AST-006,Fire Pump,BLD-04,PM,Closed,Low,2025-07-30,2025-08-29,6.4,9.7,2025-07-30,0.0,2091.0,TECH-09,VEN-15,False
WO-0260,AST-087,Fire Pump,BLD-01,CM,In Progress,Low,2026-04-10,2026-04-24,3.6,9.2,,9.2,30124.0,TECH-01,VEN-18,True
WO-0261,AST-078,AHU,BLD-03,PM,Closed,Low,2025-11-12,2025-12-12,3.6,2.9,2025-11-12,0.0,3154.0,TECH-01,VEN-07,False
WO-0262,AST-008,Chiller,BLD-05,CM,Closed,Medium,2025-02-12,2025-02-26,5.1,13.9,2025-02-12,13.9,59677.0,TECH-02,VEN-16,False
WO-0263,AST-040,AHU,BLD-03,PM,In Progress,Medium,2026-02-23,2026-03-25,8.1,3.6,,0.0,6478.0,TECH-07,VEN-12,True
WO-0264,AST-054,Fire Pump,BLD-01,Emergency,Closed,High,2026-01-27,2026-01-30,8.4,16.0,2026-01-28,16.0,55441.0,TECH-07,VEN-13,False
WO-0265,AST-080,Generator,BLD-05,PM,In Progress,Low,2026-07-07,2026-08-06,5.3,1.8,,0.0,2271.0,TECH-09,VEN-13,False
WO-0266,AST-070,Lighting,BLD-05,PM,Closed,Medium,2025-08-17,2025-09-16,2.2,3.9,2025-08-17,0.0,7860.0,TECH-08,VEN-18,False
WO-0267,AST-024,Generator,BLD-01,PM,Closed,Medium,2026-01-24,2026-02-23,3.2,6.4,2026-01-24,0.0,4494.0,TECH-03,VEN-09,False
WO-0268,AST-061,Fire Pump,BLD-02,PM,Open,Medium,2025-04-26,2025-05-26,3.9,5.5,,0.0,4225.0,TECH-01,VEN-08,True
WO-0269,AST-056,Lighting,BLD-02,PM,Closed,Low,2025-04-14,2025-05-14,5.0,4.5,2025-04-14,0.0,5386.0,TECH-01,VEN-08,False
WO-0270,AST-092,Generator,BLD-03,CM,Closed,Medium,2026-02-16,2026-03-02,9.3,11.5,2026-02-16,11.5,16950.0,TECH-01,VEN-05,False
WO-0271,AST-091,AHU,BLD-02,PM,In Progress,Medium,2025-10-24,2025-11-23,13.7,5.3,,0.0,5245.0,TECH-10,VEN-20,True
WO-0272,AST-007,Lighting,BLD-02,CM,In Progress,Medium,2025-11-25,2025-12-09,3.1,18.7,,18.7,59213.0,TECH-09,VEN-08,True
WO-0273,AST-074,Lighting,BLD-01,PM,Open,Medium,2025-10-09,2025-11-08,3.6,2.2,,0.0,7218.0,TECH-03,VEN-14,True
WO-0274,AST-055,UPS,BLD-02,CM,Closed,Medium,2025-02-18,2025-03-04,5.4,9.5,2025-02-18,9.5,41924.0,TECH-09,VEN-11,False
WO-0275,AST-053,Lighting,BLD-01,CM,In Progress,Low,2026-02-23,2026-03-09,5.0,12.1,,12.1,15113.0,TECH-09,VEN-16,True
WO-0276,AST-089,Fire Pump,BLD-04,PM,Closed,Medium,2025-08-19,2025-09-18,13.1,5.5,2025-08-19,0.0,2438.0,TECH-08,VEN-02,False
WO-0277,AST-004,UPS,BLD-04,CM,Closed,Medium,2026-03-03,2026-03-17,4.8,8.8,2026-03-03,8.8,26363.0,TECH-05,VEN-07,False
WO-0278,AST-099,UPS,BLD-04,PM,Closed,Low,2025-03-22,2025-04-21,3.0,7.4,2025-03-22,0.0,2101.0,TECH-04,VEN-02,False
WO-0279,AST-007,Lighting,BLD-02,PM,Closed,Medium,2025-02-10,2025-03-12,6.7,1.1,2025-02-10,0.0,6730.0,TECH-10,VEN-18,False
WO-0280,AST-065,Generator,BLD-01,PM,Closed,Low,2025-08-02,2025-09-01,2.1,8.1,2025-08-02,0.0,3471.0,TECH-01,VEN-07,False
WO-0281,AST-001,Generator,BLD-04,Emergency,Closed,High,2025-05-01,2025-05-04,2.5,2.8,2025-05-01,2.8,46488.0,TECH-04,VEN-20,False
WO-0282,AST-003,Pump,BLD-02,CM,Closed,Medium,2026-02-11,2026-02-25,3.3,11.4,2026-02-11,11.4,22689.0,TECH-05,VEN-13,False
WO-0283,AST-040,AHU,BLD-03,PM,Closed,Low,2026-01-03,2026-02-02,3.9,1.3,2026-01-03,0.0,4833.0,TECH-08,VEN-15,False
WO-0284,AST-080,Generator,BLD-05,PM,Closed,Low,2026-04-26,2026-05-26,10.5,3.3,2026-04-26,0.0,7443.0,TECH-06,VEN-11,False
WO-0285,AST-003,Pump,BLD-02,PM,Closed,Medium,2025-08-15,2025-09-14,6.2,2.7,2025-08-15,0.0,3195.0,TECH-10,VEN-19,False
WO-0286,AST-017,Fire Pump,BLD-03,CM,In Progress,Low,2025-10-30,2025-11-13,3.5,4.1,,4.1,17651.0,TECH-10,VEN-08,True
WO-0287,AST-083,Fire Pump,BLD-03,PM,Closed,Low,2025-12-12,2026-01-11,5.9,3.9,2025-12-12,0.0,7782.0,TECH-08,VEN-15,False
WO-0288,AST-089,Fire Pump,BLD-04,PM,In Progress,Medium,2025-12-27,2026-01-26,4.7,2.0,,0.0,5053.0,TECH-03,VEN-18,True
WO-0289,AST-092,Generator,BLD-03,Emergency,Closed,High,2025-03-02,2025-03-05,8.7,10.5,2025-03-02,10.5,51149.0,TECH-02,VEN-02,False
WO-0290,AST-036,Pump,BLD-03,CM,In Progress,Medium,2026-02-27,2026-03-13,16.4,11.7,,11.7,17729.0,TECH-03,VEN-01,True
WO-0291,AST-044,UPS,BLD-01,PM,Closed,Medium,2026-04-12,2026-05-12,2.9,4.4,2026-04-12,0.0,5645.0,TECH-10,VEN-16,False
WO-0292,AST-018,UPS,BLD-01,CM,Open,Medium,2025-01-17,2025-01-31,8.3,6.2,,6.2,27624.0,TECH-01,VEN-17,True
WO-0293,AST-007,Lighting,BLD-02,CM,Closed,Medium,2026-07-03,2026-07-17,3.6,17.1,2026-07-03,17.1,32622.0,TECH-07,VEN-06,False
WO-0294,AST-025,Generator,BLD-01,PM,Closed,Medium,2025-04-09,2025-05-09,5.9,1.9,2025-04-09,0.0,2748.0,TECH-09,VEN-09,False
WO-0295,AST-087,Fire Pump,BLD-01,CM,Closed,Medium,2025-10-01,2025-10-15,6.1,38.1,2025-10-02,38.1,25518.0,TECH-07,VEN-15,False
WO-0296,AST-021,Generator,BLD-03,CM,Closed,Medium,2025-08-20,2025-09-03,11.7,8.5,2025-08-20,8.5,40955.0,TECH-01,VEN-03,False
WO-0297,AST-058,Lighting,BLD-03,PM,Closed,Medium,2026-01-22,2026-02-21,2.9,13.0,2026-01-22,0.0,5639.0,TECH-03,VEN-03,False
WO-0298,AST-065,Generator,BLD-01,PM,Closed,Low,2026-03-21,2026-04-20,3.0,1.7,2026-03-21,0.0,5178.0,TECH-02,VEN-17,False
WO-0299,AST-028,AHU,BLD-04,Emergency,Closed,High,2025-04-29,2025-05-02,4.0,3.8,2025-04-29,3.8,53815.0,TECH-08,VEN-09,False
WO-0300,AST-098,Generator,BLD-02,PM,Closed,Low,2025-03-18,2025-04-17,5.9,2.6,2025-03-18,0.0,7346.0,TECH-10,VEN-02,False
WO-0301,AST-092,Generator,BLD-03,PM,Open,Medium,2025-11-19,2025-12-19,3.7,1.6,,0.0,5316.0,TECH-07,VEN-03,True
WO-0302,AST-094,Pump,BLD-03,PM,Closed,Low,2025-09-04,2025-10-04,14.3,5.5,2025-09-04,0.0,5901.0,TECH-09,VEN-11,False
WO-0303,AST-043,Pump,BLD-04,PM,Closed,Medium,2025-05-24,2025-06-23,10.1,3.8,2025-05-24,0.0,6207.0,TECH-09,VEN-12,False
WO-0304,AST-064,AHU,BLD-04,PM,In Progress,Medium,2026-03-24,2026-04-23,10.6,4.8,,0.0,3714.0,TECH-10,VEN-20,True
WO-0305,AST-097,Chiller,BLD-04,PM,Open,Low,2025-12-01,2025-12-31,5.6,2.3,,0.0,6593.0,TECH-08,VEN-16,True
WO-0306,AST-043,Pump,BLD-04,PM,Closed,Medium,2026-01-20,2026-02-19,11.3,3.6,2026-01-20,0.0,5308.0,TECH-07,VEN-03,False
WO-0307,AST-059,UPS,BLD-03,CM,Closed,Medium,2025-10-30,2025-11-13,8.4,7.1,2025-10-30,7.1,9043.0,TECH-05,VEN-05,False
WO-0308,AST-036,Pump,BLD-03,PM,Closed,Low,2025-06-07,2025-07-07,10.3,3.2,2025-06-07,0.0,3845.0,TECH-02,VEN-01,False
WO-0309,AST-064,AHU,BLD-04,Emergency,Closed,High,2025-08-25,2025-08-28,11.5,4.6,2025-08-25,4.6,12288.0,TECH-03,VEN-14,False
WO-0310,AST-020,AHU,BLD-02,PM,Closed,Medium,2026-06-09,2026-07-09,8.4,1.2,2026-06-09,0.0,2083.0,TECH-09,VEN-03,False
WO-0311,AST-003,Pump,BLD-02,CM,Closed,Medium,2025-11-29,2025-12-13,2.9,15.9,2025-11-29,15.9,21052.0,TECH-07,VEN-03,False
WO-0312,AST-066,Generator,BLD-02,CM,Closed,Medium,2025-09-06,2025-09-20,3.5,4.4,2025-09-06,4.4,42692.0,TECH-03,VEN-05,False
WO-0313,AST-078,AHU,BLD-03,PM,Closed,Medium,2025-10-02,2025-11-01,10.5,1.4,2025-10-02,0.0,2587.0,TECH-05,VEN-14,False
WO-0314,AST-092,Generator,BLD-03,PM,Closed,Medium,2025-03-20,2025-04-19,13.2,15.3,2025-03-21,0.0,6186.0,TECH-08,VEN-20,False
WO-0315,AST-093,Generator,BLD-04,CM,In Progress,Low,2026-04-14,2026-04-28,5.8,19.6,,19.6,5372.0,TECH-07,VEN-11,True
WO-0316,AST-065,Generator,BLD-01,CM,Closed,Low,2026-01-25,2026-02-08,13.4,4.4,2026-01-25,4.4,29212.0,TECH-07,VEN-20,False
WO-0317,AST-091,AHU,BLD-02,PM,Closed,Medium,2025-11-25,2025-12-25,3.5,2.8,2025-11-25,0.0,2806.0,TECH-06,VEN-06,False
WO-0318,AST-084,Chiller,BLD-03,Emergency,Closed,High,2026-07-05,2026-07-08,6.8,5.6,2026-07-05,5.6,39810.0,TECH-10,VEN-08,False
WO-0319,AST-084,Chiller,BLD-03,PM,Closed,Low,2025-10-15,2025-11-14,2.3,5.4,2025-10-15,0.0,3873.0,TECH-10,VEN-07,False
WO-0320,AST-025,Generator,BLD-01,CM,Closed,Medium,2025-07-04,2025-07-18,9.5,23.3,2025-07-05,23.3,6480.0,TECH-08,VEN-07,False
WO-0321,AST-034,Lighting,BLD-03,PM,Closed,Medium,2025-10-26,2025-11-25,4.6,6.8,2025-10-26,0.0,6823.0,TECH-07,VEN-16,False
WO-0322,AST-011,Pump,BLD-04,PM,In Progress,Medium,2025-11-07,2025-12-07,2.4,1.7,,0.0,2502.0,TECH-07,VEN-13,True
WO-0323,AST-049,UPS,BLD-02,PM,Closed,Medium,2026-05-06,2026-06-05,4.9,2.7,2026-05-06,0.0,4793.0,TECH-07,VEN-18,False
WO-0324,AST-008,Chiller,BLD-05,PM,Closed,Medium,2026-01-04,2026-02-03,8.9,2.4,2026-01-04,0.0,5360.0,TECH-02,VEN-04,False
WO-0325,AST-090,Generator,BLD-01,CM,In Progress,Medium,2025-12-30,2026-01-13,3.9,17.7,,17.7,7436.0,TECH-07,VEN-11,True
WO-0326,AST-017,Fire Pump,BLD-03,Emergency,In Progress,High,2026-03-17,2026-03-20,2.8,8.6,,8.6,10423.0,TECH-04,VEN-17,True
WO-0327,AST-076,AHU,BLD-02,CM,Closed,Low,2025-12-23,2026-01-06,6.2,9.8,2025-12-23,9.8,25577.0,TECH-08,VEN-19,False
WO-0328,AST-069,Pump,BLD-01,CM,Closed,Medium,2025-06-04,2025-06-18,2.6,9.5,2025-06-04,9.5,31552.0,TECH-05,VEN-14,False
WO-0329,AST-018,UPS,BLD-01,Emergency,In Progress,High,2025-03-29,2025-04-01,1.6,7.7,,7.7,56737.0,TECH-03,VEN-12,True
WO-0330,AST-007,Lighting,BLD-02,PM,Closed,Medium,2026-04-12,2026-05-12,4.1,2.8,2026-04-12,0.0,4639.0,TECH-08,VEN-04,False
WO-0331,AST-077,Generator,BLD-03,PM,Closed,Low,2026-04-09,2026-05-09,12.5,1.6,2026-04-09,0.0,1790.0,TECH-02,VEN-01,False
WO-0332,AST-008,Chiller,BLD-05,CM,Closed,Medium,2026-03-22,2026-04-05,2.0,4.5,2026-03-22,4.5,18415.0,TECH-03,VEN-18,False
WO-0333,AST-014,Generator,BLD-04,PM,Closed,Medium,2026-03-13,2026-04-12,6.9,4.3,2026-03-13,0.0,6685.0,TECH-03,VEN-06,False
WO-0334,AST-042,Fire Pump,BLD-05,CM,Closed,Medium,2026-03-19,2026-04-02,8.6,16.1,2026-03-20,16.1,38776.0,TECH-04,VEN-15,False
WO-0335,AST-071,Generator,BLD-03,CM,Open,Medium,2026-02-03,2026-02-17,8.3,9.8,,9.8,16318.0,TECH-02,VEN-19,True
WO-0336,AST-038,Generator,BLD-01,PM,In Progress,Low,2026-07-04,2026-08-03,2.7,1.2,,0.0,2781.0,TECH-02,VEN-09,False
WO-0337,AST-082,Pump,BLD-01,CM,Closed,Medium,2026-05-17,2026-05-31,14.5,10.3,2026-05-18,10.3,22237.0,TECH-07,VEN-20,False
WO-0338,AST-091,AHU,BLD-02,PM,Closed,Low,2025-04-27,2025-05-27,3.0,5.5,2025-04-27,0.0,5513.0,TECH-05,VEN-20,False
WO-0339,AST-028,AHU,BLD-04,CM,In Progress,Low,2026-03-11,2026-03-25,2.0,7.3,,7.3,11432.0,TECH-06,VEN-05,True
WO-0340,AST-042,Fire Pump,BLD-05,PM,Closed,Medium,2026-03-05,2026-04-04,10.0,3.3,2026-03-05,0.0,3994.0,TECH-03,VEN-16,False
WO-0341,AST-065,Generator,BLD-01,CM,Closed,Low,2025-06-27,2025-07-11,11.4,19.5,2025-06-28,19.5,20886.0,TECH-03,VEN-11,False
WO-0342,AST-036,Pump,BLD-03,CM,Closed,Medium,2025-02-24,2025-03-10,17.0,16.3,2025-02-25,16.3,31653.0,TECH-04,VEN-13,False
WO-0343,AST-068,Lighting,BLD-05,Emergency,Closed,High,2026-06-02,2026-06-05,5.7,2.5,2026-06-02,2.5,27502.0,TECH-08,VEN-14,False
WO-0344,AST-089,Fire Pump,BLD-04,CM,Closed,Medium,2026-03-31,2026-04-14,2.8,15.7,2026-03-31,15.7,36097.0,TECH-04,VEN-10,False
WO-0345,AST-048,AHU,BLD-03,PM,Closed,Medium,2025-08-19,2025-09-18,5.3,2.9,2025-08-19,0.0,6575.0,TECH-10,VEN-16,False
WO-0346,AST-071,Generator,BLD-03,PM,Closed,Low,2025-04-26,2025-05-26,5.6,1.2,2025-04-26,0.0,6538.0,TECH-06,VEN-18,False
WO-0347,AST-059,UPS,BLD-03,CM,Closed,Low,2025-02-12,2025-02-26,4.1,12.1,2025-02-12,12.1,35049.0,TECH-07,VEN-04,False
WO-0348,AST-044,UPS,BLD-01,CM,Closed,Medium,2025-09-11,2025-09-25,5.7,8.8,2025-09-11,8.8,29735.0,TECH-06,VEN-03,False
WO-0349,AST-048,AHU,BLD-03,PM,Closed,Medium,2025-05-01,2025-05-31,2.5,3.8,2025-05-01,0.0,2864.0,TECH-10,VEN-12,False
WO-0350,AST-011,Pump,BLD-04,Emergency,In Progress,High,2026-03-15,2026-03-18,1.8,12.3,,12.3,12658.0,TECH-04,VEN-07,True
WO-0351,AST-074,Lighting,BLD-01,CM,Closed,Medium,2025-12-26,2026-01-09,7.5,6.9,2025-12-26,6.9,34632.0,TECH-06,VEN-10,False
WO-0352,AST-063,Generator,BLD-03,PM,Closed,Medium,2025-10-01,2025-10-31,3.3,3.0,2025-10-01,0.0,7906.0,TECH-02,VEN-05,False
WO-0353,AST-069,Pump,BLD-01,Emergency,Closed,High,2026-02-26,2026-03-01,2.1,12.1,2026-02-26,12.1,59587.0,TECH-03,VEN-05,False
WO-0354,AST-066,Generator,BLD-02,PM,Closed,Medium,2025-11-26,2025-12-26,3.7,1.2,2025-11-26,0.0,4053.0,TECH-03,VEN-19,False
WO-0355,AST-068,Lighting,BLD-05,CM,Closed,Medium,2026-03-01,2026-03-15,2.2,18.2,2026-03-01,18.2,39850.0,TECH-02,VEN-13,False
WO-0356,AST-041,AHU,BLD-03,PM,Closed,Low,2025-10-12,2025-11-11,2.6,11.1,2025-10-12,0.0,4456.0,TECH-08,VEN-11,False
WO-0357,AST-002,Lighting,BLD-05,CM,Closed,Low,2025-04-06,2025-04-20,8.8,45.5,2025-04-08,45.5,39916.0,TECH-06,VEN-03,False
WO-0358,AST-016,Generator,BLD-01,CM,In Progress,Low,2026-02-12,2026-02-26,10.2,30.7,,30.7,50367.0,TECH-08,VEN-09,True
WO-0359,AST-051,Pump,BLD-03,PM,Closed,Medium,2025-10-18,2025-11-17,9.9,2.6,2025-10-18,0.0,2349.0,TECH-08,VEN-11,False
WO-0360,AST-078,AHU,BLD-03,Emergency,Open,High,2026-04-02,2026-04-05,2.1,7.6,,7.6,48114.0,TECH-08,VEN-01,True
WO-0361,AST-030,UPS,BLD-04,PM,Closed,Medium,2025-06-11,2025-07-11,3.3,5.2,2025-06-11,0.0,7947.0,TECH-07,VEN-07,False
WO-0362,AST-067,AHU,BLD-02,Emergency,Closed,High,2026-06-29,2026-07-02,1.7,26.8,2026-06-30,26.8,13744.0,TECH-05,VEN-03,False
WO-0363,AST-080,Generator,BLD-05,CM,Open,Medium,2025-09-14,2025-09-28,2.4,15.9,,15.9,54709.0,TECH-03,VEN-02,True
WO-0364,AST-046,Lighting,BLD-01,PM,Closed,Medium,2025-11-09,2025-12-09,2.2,5.7,2025-11-09,0.0,4290.0,TECH-02,VEN-04,False
WO-0365,AST-061,Fire Pump,BLD-02,PM,Open,Medium,2026-05-04,2026-06-03,8.0,5.3,,0.0,2970.0,TECH-08,VEN-01,True
WO-0366,AST-016,Generator,BLD-01,PM,Closed,Low,2025-12-18,2026-01-17,22.5,1.6,2025-12-19,0.0,6011.0,TECH-08,VEN-03,False
WO-0367,AST-066,Generator,BLD-02,PM,Closed,Medium,2025-04-02,2025-05-02,11.6,2.7,2025-04-02,0.0,2171.0,TECH-06,VEN-10,False
WO-0368,AST-083,Fire Pump,BLD-03,PM,Closed,Medium,2025-05-17,2025-06-16,3.1,11.6,2025-05-17,0.0,2429.0,TECH-09,VEN-19,False
WO-0369,AST-055,UPS,BLD-02,PM,Closed,Medium,2025-06-18,2025-07-18,5.7,6.8,2025-06-18,0.0,2885.0,TECH-03,VEN-14,False
WO-0370,AST-094,Pump,BLD-03,CM,Closed,Medium,2026-03-30,2026-04-13,2.2,7.2,2026-03-30,7.2,54313.0,TECH-03,VEN-04,False
WO-0371,AST-035,Lighting,BLD-01,CM,Closed,Low,2026-01-29,2026-02-12,6.6,33.9,2026-01-30,33.9,22298.0,TECH-03,VEN-08,False
WO-0372,AST-096,Pump,BLD-01,PM,In Progress,Medium,2025-03-28,2025-04-27,2.5,6.4,,0.0,5400.0,TECH-10,VEN-10,True
WO-0373,AST-096,Pump,BLD-01,CM,Closed,Medium,2025-01-28,2025-02-11,2.6,25.6,2025-01-29,25.6,53170.0,TECH-04,VEN-17,False
WO-0374,AST-083,Fire Pump,BLD-03,CM,Closed,Low,2025-07-13,2025-07-27,2.8,12.1,2025-07-13,12.1,40539.0,TECH-04,VEN-16,False
WO-0375,AST-071,Generator,BLD-03,PM,Closed,Medium,2025-09-04,2025-10-04,8.2,3.1,2025-09-04,0.0,1962.0,TECH-01,VEN-12,False
WO-0376,AST-072,Pump,BLD-03,Emergency,Closed,High,2025-05-16,2025-05-19,12.9,4.7,2025-05-16,4.7,51144.0,TECH-07,VEN-12,False
WO-0377,AST-024,Generator,BLD-01,PM,Closed,Medium,2025-06-26,2025-07-26,2.4,3.4,2025-06-26,0.0,1608.0,TECH-02,VEN-01,False
WO-0378,AST-041,AHU,BLD-03,PM,Closed,Low,2025-02-10,2025-03-12,2.7,2.6,2025-02-10,0.0,4793.0,TECH-09,VEN-14,False
WO-0379,AST-011,Pump,BLD-04,PM,Open,Medium,2026-02-16,2026-03-18,2.3,1.7,,0.0,4995.0,TECH-03,VEN-09,True
WO-0380,AST-066,Generator,BLD-02,PM,Closed,Medium,2025-03-22,2025-04-21,4.2,4.9,2025-03-22,0.0,7833.0,TECH-03,VEN-18,False
WO-0381,AST-018,UPS,BLD-01,PM,Closed,Low,2025-03-09,2025-04-08,3.4,1.2,2025-03-09,0.0,6245.0,TECH-04,VEN-02,False
WO-0382,AST-057,UPS,BLD-02,PM,In Progress,Medium,2026-03-21,2026-04-20,11.3,3.9,,0.0,5457.0,TECH-05,VEN-06,True
WO-0383,AST-047,Fire Pump,BLD-01,PM,Closed,Medium,2025-05-21,2025-06-20,3.7,8.3,2025-05-21,0.0,4727.0,TECH-06,VEN-17,False
WO-0384,AST-015,Generator,BLD-03,PM,In Progress,Medium,2025-09-23,2025-10-23,2.6,1.1,,0.0,6374.0,TECH-05,VEN-04,True
WO-0385,AST-006,Fire Pump,BLD-04,CM,Closed,Low,2025-01-31,2025-02-14,2.6,33.8,2025-02-01,33.8,19959.0,TECH-02,VEN-09,False
WO-0386,AST-040,AHU,BLD-03,CM,Closed,Medium,2025-12-03,2025-12-17,3.2,4.3,2025-12-03,4.3,24807.0,TECH-08,VEN-19,False
WO-0387,AST-078,AHU,BLD-03,PM,Closed,Medium,2025-06-11,2025-07-11,10.9,2.6,2025-06-11,0.0,7313.0,TECH-02,VEN-08,False
WO-0388,AST-066,Generator,BLD-02,CM,Open,Medium,2025-01-03,2025-01-17,12.8,12.5,,12.5,18450.0,TECH-08,VEN-12,True
WO-0389,AST-079,Pump,BLD-03,PM,In Progress,Medium,2025-06-03,2025-07-03,4.3,3.7,,0.0,5094.0,TECH-07,VEN-08,True
WO-0390,AST-094,Pump,BLD-03,PM,Closed,Low,2026-03-03,2026-04-02,5.1,1.7,2026-03-03,0.0,3263.0,TECH-02,VEN-19,False
WO-0391,AST-088,AHU,BLD-02,PM,Closed,Medium,2026-05-30,2026-06-29,2.8,1.2,2026-05-30,0.0,2666.0,TECH-09,VEN-02,False
WO-0392,AST-030,UPS,BLD-04,Emergency,Closed,High,2025-03-12,2025-03-15,4.7,2.4,2025-03-12,2.4,52632.0,TECH-05,VEN-11,False
WO-0393,AST-038,Generator,BLD-01,PM,Open,Medium,2026-04-13,2026-05-13,5.3,2.4,,0.0,3395.0,TECH-05,VEN-20,True
WO-0394,AST-096,Pump,BLD-01,PM,Closed,Low,2026-01-13,2026-02-12,3.9,2.1,2026-01-13,0.0,7986.0,TECH-04,VEN-18,False
WO-0395,AST-034,Lighting,BLD-03,CM,In Progress,Low,2025-09-09,2025-09-23,10.5,11.8,,11.8,6315.0,TECH-09,VEN-12,True
WO-0396,AST-074,Lighting,BLD-01,CM,Closed,Medium,2025-01-10,2025-01-24,3.2,13.6,2025-01-10,13.6,46741.0,TECH-07,VEN-10,False
WO-0397,AST-081,Chiller,BLD-01,PM,Closed,Low,2026-06-27,2026-07-27,5.9,1.1,2026-06-27,0.0,4698.0,TECH-01,VEN-05,False
WO-0398,AST-087,Fire Pump,BLD-01,CM,Open,Medium,2025-04-06,2025-04-20,2.5,16.0,,16.0,54351.0,TECH-09,VEN-14,True
WO-0399,AST-081,Chiller,BLD-01,CM,Open,Medium,2025-06-24,2025-07-08,6.1,5.6,,5.6,32799.0,TECH-07,VEN-03,True
WO-0400,AST-051,Pump,BLD-03,CM,Closed,Medium,2025-03-05,2025-03-19,2.2,33.8,2025-03-06,33.8,18022.0,TECH-05,VEN-11,False
WO-0401,AST-034,Lighting,BLD-03,Emergency,Closed,High,2026-02-07,2026-02-10,1.0,30.0,2026-02-08,30.0,45444.0,TECH-06,VEN-15,False
WO-0402,AST-056,Lighting,BLD-02,PM,Closed,Medium,2025-03-18,2025-04-17,14.8,12.6,2025-03-19,0.0,6570.0,TECH-10,VEN-04,False
WO-0403,AST-095,UPS,BLD-03,PM,Closed,Low,2025-06-18,2025-07-18,2.6,1.1,2025-06-18,0.0,4142.0,TECH-09,VEN-12,False
WO-0404,AST-032,UPS,BLD-02,Emergency,Closed,High,2025-08-01,2025-08-04,1.5,6.7,2025-08-01,6.7,30484.0,TECH-02,VEN-03,False
WO-0405,AST-057,UPS,BLD-02,PM,Closed,Medium,2025-11-08,2025-12-08,4.1,6.4,2025-11-08,0.0,5421.0,TECH-04,VEN-11,False
WO-0406,AST-092,Generator,BLD-03,PM,Closed,Low,2025-09-12,2025-10-12,3.2,3.6,2025-09-12,0.0,4837.0,TECH-05,VEN-09,False
WO-0407,AST-004,UPS,BLD-04,CM,Open,Low,2025-06-28,2025-07-12,10.3,14.9,,14.9,52003.0,TECH-09,VEN-18,True
WO-0408,AST-099,UPS,BLD-04,PM,In Progress,Medium,2026-04-19,2026-05-19,3.4,2.6,,0.0,2289.0,TECH-01,VEN-08,True
WO-0409,AST-041,AHU,BLD-03,PM,Closed,Medium,2026-02-15,2026-03-17,5.7,1.3,2026-02-15,0.0,7594.0,TECH-02,VEN-19,False
WO-0410,AST-070,Lighting,BLD-05,CM,Open,Medium,2025-03-18,2025-04-01,3.8,11.2,,11.2,15876.0,TECH-08,VEN-05,True
WO-0411,AST-028,AHU,BLD-04,PM,In Progress,Low,2025-12-06,2026-01-05,4.5,14.9,,0.0,1829.0,TECH-10,VEN-14,True
WO-0412,AST-043,Pump,BLD-04,CM,Closed,Low,2026-02-09,2026-02-23,9.9,20.9,2026-02-10,20.9,42577.0,TECH-03,VEN-12,False
WO-0413,AST-037,AHU,BLD-02,PM,Closed,Low,2025-07-11,2025-08-10,7.0,2.3,2025-07-11,0.0,7242.0,TECH-01,VEN-20,False
WO-0414,AST-074,Lighting,BLD-01,CM,Closed,Low,2025-09-09,2025-09-23,6.3,6.7,2025-09-09,6.7,27660.0,TECH-09,VEN-16,False
WO-0415,AST-080,Generator,BLD-05,PM,Closed,Low,2025-10-14,2025-11-13,7.7,2.1,2025-10-14,0.0,2796.0,TECH-09,VEN-08,False
WO-0416,AST-003,Pump,BLD-02,CM,In Progress,Medium,2026-07-11,2026-07-25,3.9,5.3,,5.3,24751.0,TECH-09,VEN-16,False
WO-0417,AST-013,Pump,BLD-04,PM,Closed,Low,2026-05-30,2026-06-29,6.5,1.1,2026-05-30,0.0,2669.0,TECH-06,VEN-20,False
WO-0418,AST-022,UPS,BLD-05,PM,Open,Low,2025-10-15,2025-11-14,2.4,2.8,,0.0,4941.0,TECH-10,VEN-08,True
WO-0419,AST-005,Chiller,BLD-05,Emergency,In Progress,High,2025-03-22,2025-03-25,9.7,14.8,,14.8,34353.0,TECH-01,VEN-08,True
WO-0420,AST-070,Lighting,BLD-05,CM,Closed,Medium,2026-02-02,2026-02-16,5.2,9.8,2026-02-02,9.8,14686.0,TECH-10,VEN-11,False
WO-0421,AST-075,AHU,BLD-05,CM,Closed,Medium,2026-03-30,2026-04-13,3.5,57.9,2026-04-01,57.9,43531.0,TECH-10,VEN-19,False
WO-0422,AST-033,Generator,BLD-03,PM,Closed,Low,2025-07-12,2025-08-11,3.3,2.6,2025-07-12,0.0,5024.0,TECH-03,VEN-16,False
WO-0423,AST-083,Fire Pump,BLD-03,PM,In Progress,Medium,2025-02-27,2025-03-29,2.7,6.7,,0.0,1630.0,TECH-08,VEN-01,True
WO-0424,AST-097,Chiller,BLD-04,PM,Closed,Low,2025-07-26,2025-08-25,12.6,5.2,2025-07-26,0.0,6160.0,TECH-06,VEN-02,False
WO-0425,AST-032,UPS,BLD-02,PM,Closed,Medium,2025-05-26,2025-06-25,20.1,1.3,2025-05-26,0.0,7094.0,TECH-02,VEN-12,False
WO-0426,AST-051,Pump,BLD-03,CM,Closed,Low,2026-02-10,2026-02-24,10.0,7.8,2026-02-10,7.8,21597.0,TECH-03,VEN-06,False
WO-0427,AST-033,Generator,BLD-03,CM,Closed,Low,2026-03-24,2026-04-07,2.5,4.6,2026-03-24,4.6,40705.0,TECH-03,VEN-18,False
WO-0428,AST-059,UPS,BLD-03,CM,In Progress,Medium,2026-01-01,2026-01-15,2.1,4.3,,4.3,49795.0,TECH-07,VEN-10,True
WO-0429,AST-099,UPS,BLD-04,CM,In Progress,Medium,2025-10-29,2025-11-12,9.0,14.3,,14.3,5099.0,TECH-10,VEN-13,True
WO-0430,AST-099,UPS,BLD-04,Emergency,In Progress,High,2025-02-03,2025-02-06,2.5,2.9,,2.9,22502.0,TECH-10,VEN-08,True
WO-0431,AST-073,Lighting,BLD-03,CM,Closed,Medium,2025-04-17,2025-05-01,6.0,18.4,2025-04-18,18.4,23214.0,TECH-02,VEN-08,False
WO-0432,AST-087,Fire Pump,BLD-01,PM,In Progress,Medium,2025-11-24,2025-12-24,8.8,1.3,,0.0,6841.0,TECH-06,VEN-15,True
WO-0433,AST-015,Generator,BLD-03,PM,In Progress,Medium,2025-08-03,2025-09-02,4.9,10.2,,0.0,3778.0,TECH-02,VEN-01,True
WO-0434,AST-050,Pump,BLD-04,PM,Closed,Medium,2026-03-25,2026-04-24,26.2,1.7,2026-03-26,0.0,7250.0,TECH-08,VEN-13,False
WO-0435,AST-003,Pump,BLD-02,PM,In Progress,Low,2026-01-20,2026-02-19,3.3,3.3,,0.0,6627.0,TECH-10,VEN-08,True
WO-0436,AST-094,Pump,BLD-03,PM,Closed,Medium,2025-03-17,2025-04-16,15.8,1.6,2025-03-17,0.0,3417.0,TECH-06,VEN-09,False
WO-0437,AST-011,Pump,BLD-04,Emergency,Closed,High,2025-03-17,2025-03-20,1.0,5.5,2025-03-17,5.5,53836.0,TECH-03,VEN-03,False
WO-0438,AST-001,Generator,BLD-04,PM,Closed,Medium,2025-04-06,2025-05-06,2.2,5.1,2025-04-06,0.0,7306.0,TECH-01,VEN-14,False
WO-0439,AST-031,Generator,BLD-05,Emergency,Closed,High,2025-06-18,2025-06-21,1.2,7.2,2025-06-18,7.2,28881.0,TECH-01,VEN-04,False
WO-0440,AST-099,UPS,BLD-04,PM,Closed,Medium,2025-07-14,2025-08-13,5.3,3.7,2025-07-14,0.0,6193.0,TECH-09,VEN-09,False
WO-0441,AST-099,UPS,BLD-04,CM,In Progress,Medium,2025-11-01,2025-11-15,2.1,13.5,,13.5,26610.0,TECH-09,VEN-16,True
WO-0442,AST-077,Generator,BLD-03,PM,Open,Medium,2026-01-05,2026-02-04,3.3,6.8,,0.0,3415.0,TECH-10,VEN-16,True
WO-0443,AST-046,Lighting,BLD-01,PM,In Progress,Medium,2025-01-27,2025-02-26,8.2,5.8,,0.0,3397.0,TECH-02,VEN-16,True
WO-0444,AST-046,Lighting,BLD-01,CM,Closed,Low,2025-11-12,2025-11-26,3.4,17.0,2025-11-12,17.0,31900.0,TECH-05,VEN-03,False
WO-0445,AST-061,Fire Pump,BLD-02,CM,In Progress,Low,2026-02-01,2026-02-15,6.4,9.5,,9.5,25317.0,TECH-08,VEN-02,True
WO-0446,AST-001,Generator,BLD-04,PM,Closed,Low,2026-04-22,2026-05-22,2.2,10.2,2026-04-22,0.0,5168.0,TECH-03,VEN-04,False
WO-0447,AST-039,Fire Pump,BLD-02,PM,Closed,Low,2025-12-19,2026-01-18,7.7,5.2,2025-12-19,0.0,7810.0,TECH-10,VEN-08,False
WO-0448,AST-090,Generator,BLD-01,CM,Closed,Low,2026-02-01,2026-02-15,12.3,13.8,2026-02-02,13.8,58110.0,TECH-08,VEN-19,False
WO-0449,AST-088,AHU,BLD-02,Emergency,Closed,High,2025-09-03,2025-09-06,1.3,14.2,2025-09-03,14.2,51967.0,TECH-01,VEN-17,False
WO-0450,AST-034,Lighting,BLD-03,CM,Closed,Medium,2026-06-14,2026-06-28,11.1,13.1,2026-06-15,13.1,59052.0,TECH-03,VEN-04,False
WO-0451,AST-012,AHU,BLD-01,Emergency,Closed,High,2025-08-31,2025-09-03,4.2,7.3,2025-08-31,7.3,58469.0,TECH-04,VEN-05,False
WO-0452,AST-043,Pump,BLD-04,PM,Closed,Low,2025-03-22,2025-04-21,3.4,3.0,2025-03-22,0.0,2812.0,TECH-03,VEN-20,False
WO-0453,AST-045,AHU,BLD-03,PM,Open,Medium,2025-03-10,2025-04-09,2.3,6.2,,0.0,4083.0,TECH-06,VEN-09,True
WO-0454,AST-020,AHU,BLD-02,PM,Closed,Medium,2025-01-13,2025-02-12,2.4,3.3,2025-01-13,0.0,5319.0,TECH-07,VEN-04,False
WO-0455,AST-047,Fire Pump,BLD-01,PM,Closed,Medium,2025-06-01,2025-07-01,2.8,1.4,2025-06-01,0.0,6429.0,TECH-02,VEN-04,False
WO-0456,AST-058,Lighting,BLD-03,CM,Closed,Medium,2025-04-14,2025-04-28,6.3,11.8,2025-04-14,11.8,53407.0,TECH-07,VEN-09,False
WO-0457,AST-087,Fire Pump,BLD-01,PM,Closed,Low,2026-05-13,2026-06-12,12.9,3.9,2026-05-13,0.0,1744.0,TECH-05,VEN-13,False
WO-0458,AST-008,Chiller,BLD-05,PM,Open,Low,2026-02-16,2026-03-18,2.4,2.7,,0.0,5988.0,TECH-01,VEN-16,True
WO-0459,AST-017,Fire Pump,BLD-03,Emergency,Open,High,2026-01-17,2026-01-20,1.4,2.1,,2.1,49956.0,TECH-05,VEN-10,True
WO-0460,AST-016,Generator,BLD-01,PM,Closed,Medium,2026-05-19,2026-06-18,8.5,4.5,2026-05-19,0.0,2138.0,TECH-04,VEN-05,False
WO-0461,AST-075,AHU,BLD-05,PM,Closed,Low,2026-03-30,2026-04-29,2.5,3.3,2026-03-30,0.0,3251.0,TECH-07,VEN-20,False
WO-0462,AST-006,Fire Pump,BLD-04,CM,Closed,Low,2025-07-12,2025-07-26,8.5,30.7,2025-07-13,30.7,45752.0,TECH-09,VEN-12,False
WO-0463,AST-013,Pump,BLD-04,CM,Closed,Medium,2026-06-12,2026-06-26,5.4,14.4,2026-06-12,14.4,22112.0,TECH-09,VEN-13,False
WO-0464,AST-009,Generator,BLD-05,PM,Closed,Medium,2026-06-21,2026-07-21,2.8,2.4,2026-06-21,0.0,2629.0,TECH-04,VEN-02,False
WO-0465,AST-082,Pump,BLD-01,PM,Open,Low,2026-04-13,2026-05-13,4.0,2.0,,0.0,6080.0,TECH-05,VEN-12,True
WO-0466,AST-086,Chiller,BLD-01,CM,Closed,Medium,2025-10-21,2025-11-04,4.7,6.2,2025-10-21,6.2,6681.0,TECH-06,VEN-16,False
WO-0467,AST-037,AHU,BLD-02,CM,Closed,Medium,2025-04-28,2025-05-12,4.3,5.8,2025-04-28,5.8,24237.0,TECH-03,VEN-09,False
WO-0468,AST-024,Generator,BLD-01,CM,Closed,Low,2025-04-03,2025-04-17,16.8,5.4,2025-04-03,5.4,7731.0,TECH-10,VEN-07,False
WO-0469,AST-086,Chiller,BLD-01,Emergency,In Progress,High,2026-03-22,2026-03-25,4.1,2.2,,2.2,40837.0,TECH-09,VEN-01,True
WO-0470,AST-086,Chiller,BLD-01,Emergency,Open,High,2026-07-11,2026-07-14,1.5,3.8,,3.8,40605.0,TECH-10,VEN-01,False
WO-0471,AST-072,Pump,BLD-03,PM,Closed,Medium,2025-11-09,2025-12-09,7.4,1.3,2025-11-09,0.0,5678.0,TECH-07,VEN-13,False
WO-0472,AST-017,Fire Pump,BLD-03,Emergency,Closed,High,2026-04-16,2026-04-19,10.4,3.2,2026-04-16,3.2,30668.0,TECH-09,VEN-20,False
WO-0473,AST-047,Fire Pump,BLD-01,PM,Open,Medium,2025-04-15,2025-05-15,8.2,3.9,,0.0,7782.0,TECH-06,VEN-18,True
WO-0474,AST-030,UPS,BLD-04,CM,Closed,Medium,2025-10-17,2025-10-31,3.1,8.4,2025-10-17,8.4,31496.0,TECH-06,VEN-09,False
WO-0475,AST-083,Fire Pump,BLD-03,CM,Closed,Medium,2025-10-11,2025-10-25,8.7,7.0,2025-10-11,7.0,57370.0,TECH-05,VEN-07,False
WO-0476,AST-043,Pump,BLD-04,PM,Closed,Medium,2025-09-04,2025-10-04,2.0,1.6,2025-09-04,0.0,4127.0,TECH-06,VEN-05,False
WO-0477,AST-037,AHU,BLD-02,CM,Closed,Low,2026-03-10,2026-03-24,6.3,29.2,2026-03-11,29.2,27253.0,TECH-01,VEN-19,False
WO-0478,AST-091,AHU,BLD-02,CM,Closed,Medium,2025-12-07,2025-12-21,9.9,34.3,2025-12-08,34.3,17230.0,TECH-09,VEN-16,False
WO-0479,AST-055,UPS,BLD-02,Emergency,Closed,High,2026-01-03,2026-01-06,1.6,4.3,2026-01-03,4.3,51498.0,TECH-09,VEN-06,False
WO-0480,AST-097,Chiller,BLD-04,PM,In Progress,Low,2026-04-28,2026-05-28,3.5,7.1,,0.0,6214.0,TECH-09,VEN-06,True
WO-0481,AST-093,Generator,BLD-04,Emergency,Closed,High,2025-12-10,2025-12-13,6.4,8.3,2025-12-10,8.3,17224.0,TECH-04,VEN-10,False
WO-0482,AST-066,Generator,BLD-02,PM,Closed,Medium,2025-12-06,2026-01-05,2.6,1.5,2025-12-06,0.0,3411.0,TECH-02,VEN-16,False
WO-0483,AST-064,AHU,BLD-04,PM,Closed,Medium,2025-03-14,2025-04-13,6.1,3.2,2025-03-14,0.0,4753.0,TECH-07,VEN-17,False
WO-0484,AST-082,Pump,BLD-01,PM,Closed,Medium,2025-02-25,2025-03-27,4.7,9.4,2025-02-25,0.0,2393.0,TECH-04,VEN-11,False
WO-0485,AST-086,Chiller,BLD-01,PM,In Progress,Medium,2026-04-14,2026-05-14,18.5,3.2,,0.0,2672.0,TECH-02,VEN-16,True
WO-0486,AST-041,AHU,BLD-03,PM,Closed,Medium,2025-07-01,2025-07-31,6.3,1.2,2025-07-01,0.0,1531.0,TECH-05,VEN-07,False
WO-0487,AST-030,UPS,BLD-04,CM,Closed,Medium,2025-06-22,2025-07-06,4.0,19.6,2025-06-22,19.6,31927.0,TECH-02,VEN-05,False
WO-0488,AST-069,Pump,BLD-01,CM,Closed,Low,2026-03-16,2026-03-30,4.7,16.3,2026-03-16,16.3,26082.0,TECH-01,VEN-18,False
WO-0489,AST-066,Generator,BLD-02,PM,Closed,Low,2026-01-18,2026-02-17,3.4,1.1,2026-01-18,0.0,6420.0,TECH-09,VEN-07,False
WO-0490,AST-100,AHU,BLD-03,PM,Closed,Medium,2025-01-05,2025-02-04,3.4,2.3,2025-01-05,0.0,2971.0,TECH-06,VEN-10,False
WO-0491,AST-044,UPS,BLD-01,PM,Closed,Low,2026-01-28,2026-02-27,2.6,1.1,2026-01-28,0.0,2586.0,TECH-01,VEN-10,False
WO-0492,AST-098,Generator,BLD-02,Emergency,Closed,High,2026-04-12,2026-04-15,4.1,3.6,2026-04-12,3.6,37800.0,TECH-06,VEN-14,False
WO-0493,AST-092,Generator,BLD-03,Emergency,Closed,High,2025-05-18,2025-05-21,5.7,5.3,2025-05-18,5.3,54576.0,TECH-06,VEN-07,False
WO-0494,AST-048,AHU,BLD-03,PM,Open,Medium,2026-02-18,2026-03-20,17.8,14.3,,0.0,6227.0,TECH-03,VEN-07,True
WO-0495,AST-019,Chiller,BLD-04,CM,In Progress,Medium,2026-02-06,2026-02-20,8.7,12.4,,12.4,40780.0,TECH-01,VEN-13,True
WO-0496,AST-007,Lighting,BLD-02,Emergency,Closed,High,2025-09-19,2025-09-22,1.2,7.4,2025-09-19,7.4,39272.0,TECH-10,VEN-02,False
WO-0497,AST-075,AHU,BLD-05,CM,Open,Medium,2026-03-01,2026-03-15,7.4,17.5,,17.5,27923.0,TECH-07,VEN-04,True
WO-0498,AST-064,AHU,BLD-04,PM,Closed,Medium,2026-05-01,2026-05-31,15.3,1.0,2026-05-01,0.0,6019.0,TECH-01,VEN-10,False
WO-0499,AST-085,Pump,BLD-04,PM,Closed,Low,2025-04-14,2025-05-14,7.4,2.9,2025-04-14,0.0,5548.0,TECH-03,VEN-14,False
WO-0500,AST-099,UPS,BLD-04,CM,Closed,Medium,2025-04-18,2025-05-02,10.9,29.4,2025-04-19,29.4,11475.0,TECH-02,VEN-04,False
